{"polylines": {"pear": [[126.0, 28.0], [137.0, 29.0], [145.0, 39.0], [161.0, 76.0], [166.0, 103.0], [170.0, 109.0], [175.0, 113.0], [189.0, 114.0], [213.0, 122.0], [230.0, 138.0], [243.0, 160.0], [250.0, 189.0], [258.0, 204.0], [265.0, 246.0], [271.0, 251.0], [278.0, 270.0], [287.0, 282.0], [307.0, 340.0], [314.0, 352.0], [315.0, 406.0], [313.7, 452.3], [309.9, 469.5], [303.7, 486.1], [295.0, 501.9], [284.2, 516.4], [271.4, 529.6], [256.7, 541.2], [240.5, 550.9], [223.0, 558.7], [204.6, 564.3], [185.4, 567.8], [166.0, 568.9], [146.6, 567.8], [127.4, 564.3], [109.0, 558.7], [91.5, 550.9], [75.3, 541.2], [60.6, 529.6], [47.8, 516.4], [37.0, 501.9], [28.3, 486.1], [22.1, 469.5], [18.3, 452.3], [17.0, 422.0], [17.0, 369.0], [26.0, 309.0], [32.0, 297.0], [48.0, 284.0], [64.0, 264.0], [79.0, 239.0], [88.0, 191.0], [96.0, 179.0], [109.0, 139.0], [141.0, 112.0], [134.0, 80.0], [115.0, 52.0], [117.0, 37.0], [126.0, 28.0]], "face": [[156.0, 246.0], [174.0, 251.0], [184.0, 259.0], [190.0, 256.0], [192.0, 263.0], [201.0, 268.0], [205.0, 277.0], [210.0, 274.0], [235.0, 299.0], [244.0, 298.0], [249.0, 308.0], [250.0, 305.0], [264.0, 317.0], [268.0, 348.0], [262.0, 417.0], [258.0, 425.0], [249.0, 427.0], [248.2, 441.6], [246.0, 451.9], [242.2, 461.9], [237.0, 471.3], [230.5, 480.1], [222.8, 488.0], [214.0, 494.9], [204.2, 500.8], [193.8, 505.5], [182.7, 508.8], [171.2, 510.9], [159.5, 511.6], [147.8, 510.9], [136.3, 508.8], [125.2, 505.5], [114.8, 500.8], [105.0, 494.9], [96.2, 488.0], [88.5, 480.1], [82.0, 471.3], [76.8, 461.9], [73.0, 451.9], [70.8, 441.6], [70.0, 423.0], [62.0, 414.0], [56.0, 398.0], [47.0, 362.0], [45.0, 350.0], [50.0, 332.0], [56.0, 316.0], [66.0, 305.0], [77.0, 302.0], [94.0, 290.0], [97.0, 292.0], [104.0, 282.0], [111.0, 279.0], [113.0, 273.0], [120.0, 271.0], [134.0, 256.0], [145.0, 248.0], [156.0, 246.0]], "stem": [[130.0, 35.0], [135.0, 36.0], [142.0, 45.0], [153.0, 72.0], [163.0, 111.0], [159.0, 116.0], [149.0, 109.0], [137.0, 70.0], [121.0, 53.0], [123.0, 39.0], [130.0, 35.0]]}, "circles": [{"cx": 103.08707607699358, "cy": 362.0549954170486, "r": 18.434885072111857, "fill": false}, {"cx": 103.08707607699358, "cy": 362.0549954170486, "r": 8.295698282450337, "fill": true}, {"cx": 230.16172646905875, "cy": 357.91835673426937, "r": 18.434885072111857, "fill": false}, {"cx": 230.16172646905875, "cy": 357.91835673426937, "r": 8.295698282450337, "fill": true}], "arcs": [{"p1": [129.88277511961724, 458.10717703349286], "pm": [161.88277511961724, 477.00717703349284], "p2": [193.88277511961724, 458.10717703349286]}], "size": [335, 597]}